asof,ticker,position,n_briefs_logged,n_scored_logged,n_names_recovered,recovery_status,source_run_utc,source_pid
2026-05-28,AMPL,1,18,26,17,partial,2026-05-29T07:11:43Z,1284331
2026-05-28,BRZE,2,18,26,17,partial,2026-05-29T07:11:43Z,1284331
2026-05-28,CXM,3,18,26,17,partial,2026-05-29T07:11:43Z,1284331
2026-05-28,EXPO,4,18,26,17,partial,2026-05-29T07:11:43Z,1284331
2026-05-28,NEOG,5,18,26,17,partial,2026-05-29T07:11:43Z,1284331
2026-05-28,MRCY,6,18,26,17,partial,2026-05-29T07:11:43Z,1284331
2026-05-28,BAH,7,18,26,17,partial,2026-05-29T07:11:43Z,1284331
2026-05-28,WEX,8,18,26,17,partial,2026-05-29T07:11:43Z,1284331
2026-05-28,MUSA,9,18,26,17,partial,2026-05-29T07:11:43Z,1284331
2026-05-28,WK,10,18,26,17,partial,2026-05-29T07:11:43Z,1284331
2026-05-28,MMS,11,18,26,17,partial,2026-05-29T07:11:43Z,1284331
2026-05-28,TTEK,12,18,26,17,partial,2026-05-29T07:11:43Z,1284331
2026-05-28,GPRE,13,18,26,17,partial,2026-05-29T07:11:43Z,1284331
2026-05-28,DAR,14,18,26,17,partial,2026-05-29T07:11:43Z,1284331
2026-05-28,AMRC,15,18,26,17,partial,2026-05-29T07:11:43Z,1284331
2026-05-28,ENPH,16,18,26,17,partial,2026-05-29T07:11:43Z,1284331
2026-05-28,RUN,17,18,26,17,partial,2026-05-29T07:11:43Z,1284331
2026-05-31,SONO,1,16,19,16,exact,2026-06-01T12:55:41Z,1808731
2026-05-31,DLB,2,16,19,16,exact,2026-06-01T12:55:41Z,1808731
2026-05-31,BAH,3,16,19,16,exact,2026-06-01T12:55:41Z,1808731
2026-05-31,MRCY,4,16,19,16,exact,2026-06-01T12:55:41Z,1808731
2026-05-31,ETSY,5,16,19,16,exact,2026-06-01T12:55:41Z,1808731
2026-05-31,CHWY,6,16,19,16,exact,2026-06-01T12:55:41Z,1808731
2026-05-31,W,7,16,19,16,exact,2026-06-01T12:55:41Z,1808731
2026-05-31,PKE,8,16,19,16,exact,2026-06-01T12:55:41Z,1808731
2026-05-31,OSIS,9,16,19,16,exact,2026-06-01T12:55:41Z,1808731
2026-05-31,PSN,10,16,19,16,exact,2026-06-01T12:55:41Z,1808731
2026-05-31,LUNR,11,16,19,16,exact,2026-06-01T12:55:41Z,1808731
2026-05-31,RDW,12,16,19,16,exact,2026-06-01T12:55:41Z,1808731
2026-05-31,SPCE,13,16,19,16,exact,2026-06-01T12:55:41Z,1808731
2026-05-31,OWL,14,16,19,16,exact,2026-06-01T12:55:41Z,1808731
2026-05-31,TPG,15,16,19,16,exact,2026-06-01T12:55:41Z,1808731
2026-05-31,STEP,16,16,19,16,exact,2026-06-01T12:55:41Z,1808731
2026-06-01,S,1,10,10,10,exact,2026-06-02T12:49:32Z,3002334
2026-06-01,SONO,2,10,10,10,exact,2026-06-02T12:49:32Z,3002334
2026-06-01,CRSR,3,10,10,10,exact,2026-06-02T12:49:32Z,3002334
2026-06-01,DLB,4,10,10,10,exact,2026-06-02T12:49:32Z,3002334
2026-06-01,PSN,5,10,10,10,exact,2026-06-02T12:49:32Z,3002334
2026-06-01,MRCY,6,10,10,10,exact,2026-06-02T12:49:32Z,3002334
2026-06-01,ETSY,7,10,10,10,exact,2026-06-02T12:49:32Z,3002334
2026-06-01,HXL,8,10,10,10,exact,2026-06-02T12:49:32Z,3002334
2026-06-01,OWL,9,10,10,10,exact,2026-06-02T12:49:32Z,3002334
2026-06-01,TPG,10,10,10,10,exact,2026-06-02T12:49:32Z,3002334
2026-06-02,S,1,17,17,17,exact,2026-06-03T12:53:26Z,40342
2026-06-02,PATH,2,17,17,17,exact,2026-06-03T12:53:26Z,40342
2026-06-02,AI,3,17,17,17,exact,2026-06-03T12:53:26Z,40342
2026-06-02,PEGA,4,17,17,17,exact,2026-06-03T12:53:26Z,40342
2026-06-02,SONO,5,17,17,17,exact,2026-06-03T12:53:26Z,40342
2026-06-02,CRUS,6,17,17,17,exact,2026-06-03T12:53:26Z,40342
2026-06-02,QRVO,7,17,17,17,exact,2026-06-03T12:53:26Z,40342
2026-06-02,PSN,8,17,17,17,exact,2026-06-03T12:53:26Z,40342
2026-06-02,KBR,9,17,17,17,exact,2026-06-03T12:53:26Z,40342
2026-06-02,BAH,10,17,17,17,exact,2026-06-03T12:53:26Z,40342
2026-06-02,CHWY,11,17,17,17,exact,2026-06-03T12:53:26Z,40342
2026-06-02,ETSY,12,17,17,17,exact,2026-06-03T12:53:26Z,40342
2026-06-02,W,13,17,17,17,exact,2026-06-03T12:53:26Z,40342
2026-06-02,MAN,14,17,17,17,exact,2026-06-03T12:53:26Z,40342
2026-06-02,RHI,15,17,17,17,exact,2026-06-03T12:53:26Z,40342
2026-06-02,NSP,16,17,17,17,exact,2026-06-03T12:53:26Z,40342
2026-06-02,MRCY,17,17,17,17,exact,2026-06-03T12:53:26Z,40342
2026-06-03,VRNS,1,14,20,14,exact,2026-06-04T12:57:37Z,1250528
2026-06-03,PATH,2,14,20,14,exact,2026-06-04T12:57:37Z,1250528
2026-06-03,S,3,14,20,14,exact,2026-06-04T12:57:37Z,1250528
2026-06-03,APPF,4,14,20,14,exact,2026-06-04T12:57:37Z,1250528
2026-06-03,SONO,5,14,20,14,exact,2026-06-04T12:57:37Z,1250528
2026-06-03,CRSR,6,14,20,14,exact,2026-06-04T12:57:37Z,1250528
2026-06-03,AVAV,7,14,20,14,exact,2026-06-04T12:57:37Z,1250528
2026-06-03,BAH,8,14,20,14,exact,2026-06-04T12:57:37Z,1250528
2026-06-03,CHWY,9,14,20,14,exact,2026-06-04T12:57:37Z,1250528
2026-06-03,ETSY,10,14,20,14,exact,2026-06-04T12:57:37Z,1250528
2026-06-03,W,11,14,20,14,exact,2026-06-04T12:57:37Z,1250528
2026-06-03,FDS,12,14,20,14,exact,2026-06-04T12:57:37Z,1250528
2026-06-03,RHI,13,14,20,14,exact,2026-06-04T12:57:37Z,1250528
2026-06-03,NSP,14,14,20,14,exact,2026-06-04T12:57:37Z,1250528
2026-06-04,CRL,1,4,4,4,exact,2026-06-05T12:49:24Z,2479538
2026-06-04,FDS,2,4,4,4,exact,2026-06-05T12:49:24Z,2479538
2026-06-04,GME,3,4,4,4,exact,2026-06-05T12:49:24Z,2479538
2026-06-04,IRDM,4,4,4,4,exact,2026-06-05T12:49:24Z,2479538
2026-06-07,CTKB,1,12,18,12,exact,2026-06-08T12:56:18Z,1947631
2026-06-07,GPRE,2,12,18,12,exact,2026-06-08T12:56:18Z,1947631
2026-06-07,ESTC,3,12,18,12,exact,2026-06-08T12:56:18Z,1947631
2026-06-07,DFIN,4,12,18,12,exact,2026-06-08T12:56:18Z,1947631
2026-06-07,MC,5,12,18,12,exact,2026-06-08T12:56:18Z,1947631
2026-06-07,PJT,6,12,18,12,exact,2026-06-08T12:56:18Z,1947631
2026-06-07,MORN,7,12,18,12,exact,2026-06-08T12:56:18Z,1947631
2026-06-07,HLI,8,12,18,12,exact,2026-06-08T12:56:18Z,1947631
2026-06-07,VIRT,9,12,18,12,exact,2026-06-08T12:56:18Z,1947631
2026-06-07,AVAV,10,12,18,12,exact,2026-06-08T12:56:18Z,1947631
2026-06-07,KBR,11,12,18,12,exact,2026-06-08T12:56:18Z,1947631
2026-06-07,VCYT,12,12,18,12,exact,2026-06-08T12:56:18Z,1947631
2026-06-08,MORN,1,10,13,10,exact,2026-06-09T12:55:43Z,3154765
2026-06-08,BFH,2,10,13,10,exact,2026-06-09T12:55:43Z,3154765
2026-06-08,NSP,3,10,13,10,exact,2026-06-09T12:55:43Z,3154765
2026-06-08,KFY,4,10,13,10,exact,2026-06-09T12:55:43Z,3154765
2026-06-08,KBR,5,10,13,10,exact,2026-06-09T12:55:43Z,3154765
2026-06-08,AVAV,6,10,13,10,exact,2026-06-09T12:55:43Z,3154765
2026-06-08,OSK,7,10,13,10,exact,2026-06-09T12:55:43Z,3154765
2026-06-08,DFIN,8,10,13,10,exact,2026-06-09T12:55:43Z,3154765
2026-06-08,MC,9,10,13,10,exact,2026-06-09T12:55:43Z,3154765
2026-06-08,CRUS,10,10,13,10,exact,2026-06-09T12:55:43Z,3154765
2026-06-10,ESTC,1,5,5,5,exact,2026-06-11T12:49:25Z,1339525
2026-06-10,FCN,2,5,5,5,exact,2026-06-11T12:49:25Z,1339525
2026-06-10,HLI,3,5,5,5,exact,2026-06-11T12:49:25Z,1339525
2026-06-10,LAZ,4,5,5,5,exact,2026-06-11T12:49:25Z,1339525
2026-06-10,CRUS,5,5,5,5,exact,2026-06-11T12:49:25Z,1339525
2026-06-11,KFY,1,11,11,11,exact,2026-06-12T12:57:23Z,2549177
2026-06-11,CRL,2,11,11,11,exact,2026-06-12T12:57:23Z,2549177
2026-06-11,RGEN,3,11,11,11,exact,2026-06-12T12:57:23Z,2549177
2026-06-11,FCN,4,11,11,11,exact,2026-06-12T12:57:23Z,2549177
2026-06-11,HLI,5,11,11,11,exact,2026-06-12T12:57:23Z,2549177
2026-06-11,PJT,6,11,11,11,exact,2026-06-12T12:57:23Z,2549177
2026-06-11,DFIN,7,11,11,11,exact,2026-06-12T12:57:23Z,2549177
2026-06-11,RDW,8,11,11,11,exact,2026-06-12T12:57:23Z,2549177
2026-06-11,NVAX,9,11,11,11,exact,2026-06-12T12:57:23Z,2549177
2026-06-11,PCVX,10,11,11,11,exact,2026-06-12T12:57:23Z,2549177
2026-06-11,SONO,11,11,11,11,exact,2026-06-12T12:57:23Z,2549177
2026-06-14,WK,1,16,19,16,exact,2026-06-15T13:26:19Z,2017116
2026-06-14,BL,2,16,19,16,exact,2026-06-15T13:26:19Z,2017116
2026-06-14,FDS,3,16,19,16,exact,2026-06-15T13:26:19Z,2017116
2026-06-14,CORZ,4,16,19,16,exact,2026-06-15T13:26:19Z,2017116
2026-06-14,LAC,5,16,19,16,exact,2026-06-15T13:26:19Z,2017116
2026-06-14,CMP,6,16,19,16,exact,2026-06-15T13:26:19Z,2017116
2026-06-14,MTRN,7,16,19,16,exact,2026-06-15T13:26:19Z,2017116
2026-06-14,VKTX,8,16,19,16,exact,2026-06-15T13:26:19Z,2017116
2026-06-14,ALT,9,16,19,16,exact,2026-06-15T13:26:19Z,2017116
2026-06-14,HIMS,10,16,19,16,exact,2026-06-15T13:26:19Z,2017116
2026-06-14,CNS,11,16,19,16,exact,2026-06-15T13:26:19Z,2017116
2026-06-14,LNC,12,16,19,16,exact,2026-06-15T13:26:19Z,2017116
2026-06-14,DFIN,13,16,19,16,exact,2026-06-15T13:26:19Z,2017116
2026-06-14,RDW,14,16,19,16,exact,2026-06-15T13:26:19Z,2017116
2026-06-14,VSAT,15,16,19,16,exact,2026-06-15T13:26:19Z,2017116
2026-06-14,IRDM,16,16,19,16,exact,2026-06-15T13:26:19Z,2017116
2026-06-15,PSN,1,16,16,16,exact,2026-06-16T13:17:22Z,3229721
2026-06-15,FDS,2,16,16,16,exact,2026-06-16T13:17:22Z,3229721
2026-06-15,QRVO,3,16,16,16,exact,2026-06-16T13:17:22Z,3229721
2026-06-15,TTD,4,16,16,16,exact,2026-06-16T13:17:22Z,3229721
2026-06-15,MGNI,5,16,16,16,exact,2026-06-16T13:17:22Z,3229721
2026-06-15,DV,6,16,16,16,exact,2026-06-16T13:17:22Z,3229721
2026-06-15,RYTM,7,16,16,16,exact,2026-06-16T13:17:22Z,3229721
2026-06-15,VKTX,8,16,16,16,exact,2026-06-16T13:17:22Z,3229721
2026-06-15,HIMS,9,16,16,16,exact,2026-06-16T13:17:22Z,3229721
2026-06-15,RITM,10,16,16,16,exact,2026-06-16T13:17:22Z,3229721
2026-06-15,AMC,11,16,16,16,exact,2026-06-16T13:17:22Z,3229721
2026-06-15,MARA,12,16,16,16,exact,2026-06-16T13:17:22Z,3229721
2026-06-15,OPEN,13,16,16,16,exact,2026-06-16T13:17:22Z,3229721
2026-06-15,DFIN,14,16,16,16,exact,2026-06-16T13:17:22Z,3229721
2026-06-15,COMP,15,16,16,16,exact,2026-06-16T13:17:22Z,3229721
2026-06-15,SNAP,16,16,16,16,exact,2026-06-16T13:17:22Z,3229721
2026-08-02,ESTC,1,10,10,10,exact,2026-08-03T13:07:48Z,2464145
2026-08-02,WT,2,10,10,10,exact,2026-08-03T13:07:48Z,2464145
2026-08-02,MORN,3,10,10,10,exact,2026-08-03T13:07:48Z,2464145
2026-08-02,MTCH,4,10,10,10,exact,2026-08-03T13:07:48Z,2464145
2026-08-02,LYFT,5,10,10,10,exact,2026-08-03T13:07:48Z,2464145
2026-08-02,SNAP,6,10,10,10,exact,2026-08-03T13:07:48Z,2464145
2026-08-02,ACLS,7,10,10,10,exact,2026-08-03T13:07:48Z,2464145
2026-08-02,UCTT,8,10,10,10,exact,2026-08-03T13:07:48Z,2464145
2026-08-02,KTOS,9,10,10,10,exact,2026-08-03T13:07:48Z,2464145
2026-08-02,MRCY,10,10,10,10,exact,2026-08-03T13:07:48Z,2464145
2026-08-18,TTD,1,2,2,2,exact,2026-08-19T12:54:52Z,1618153
2026-08-18,ETSY,2,2,2,2,exact,2026-08-19T12:54:52Z,1618153
2026-08-19,IRDM,1,12,12,12,exact,2026-08-20T13:03:13Z,3003220
2026-08-19,RDW,2,12,12,12,exact,2026-08-20T13:03:13Z,3003220
2026-08-19,PL,3,12,12,12,exact,2026-08-20T13:03:13Z,3003220
2026-08-19,SMG,4,12,12,12,exact,2026-08-20T13:03:13Z,3003220
2026-08-19,IIPR,5,12,12,12,exact,2026-08-20T13:03:13Z,3003220
2026-08-19,MXL,6,12,12,12,exact,2026-08-20T13:03:13Z,3003220
2026-08-19,AMBA,7,12,12,12,exact,2026-08-20T13:03:13Z,3003220
2026-08-19,GO,8,12,12,12,exact,2026-08-20T13:03:13Z,3003220
2026-08-19,OLLI,9,12,12,12,exact,2026-08-20T13:03:13Z,3003220
2026-08-19,MARA,10,12,12,12,exact,2026-08-20T13:03:13Z,3003220
2026-08-19,RIOT,11,12,12,12,exact,2026-08-20T13:03:13Z,3003220
2026-08-19,HIVE,12,12,12,12,exact,2026-08-20T13:03:13Z,3003220
